{
  "type": "form",
  "questions": [
    { "label": "Morada para execução do serviço", "type": "footnote" },
    {
      "key": "district",
      "required": true,
      "widget": "district",
      "label": "Distrito",
      "type": "dropdown",
      "options": [{ "value": 0, "label": "Lisboa" }]
    },
    { "key": "address", "label": "Morada", "type": "text", "required": true },
    {
      "key": "postal-code",
      "label": "Código Postal",
      "required": true,
      "type": "text"
    },

    { "type": "footnote", "label": "Serviço" },
    {
      "key": "service-type",
      "label": " ",
      "type": "radio",
      "required": true,
      "options": [
        { "value": 0, "label": "Standard" },
        { "value": 1, "label": "Premium" }
      ],
      "children": [
        {
          "key": "premium-service",
          "widget": "service-type-detail",
          "heading": "+2,50€",
          "headerText": "/ hora",
          "body": "*acresce ao valor final; não inclui a taxa de IVA em vigor",
          "extras": "Serviço executado por um Especialista com avaliação superior a 4.9.",
          "dependencyType": "value",
          "dependencyValue": 1
        },
        {
          "key": "urgent-service",
          "widget": "service-type-detail",
          "heading": "+2,44€",
          "headerText": "/ hora",
          "body": "*acresce ao valor final; não inclui a taxa de IVA em vigor",
          "extras": "Serviço realizado em menos de 24H à data do primeiro contacto",
          "dependencyType": "value",
          "dependencyValue": 2
        }
      ]
    },

    {
      "key": "number-of-persons",
      "label": "Número de Pessoas",
      "required": true,
      "type": "dropdown",
      "options": [
        { "value": 1, "label": "1" },
        { "value": 2, "label": "2" },
        { "value": 3, "label": "3" },
        { "value": 4, "label": "4" },
        { "value": 5, "label": "5" },
        { "value": 6, "label": "6" },
        { "value": 7, "label": "7" },
        { "value": 8, "label": "8" },
        { "value": 9, "label": "9" },
        { "value": 10, "label": "10" }
      ]
    },
    {
      "key": "menu-choice",
      "label": "Escolha do Menu",
      "type": "dropdown",
      "required": true,
      "options": [
        { "value": 0, "label": "Definido por si" },
        { "value": 2, "label": "Proposta do Especialista 55+" }
      ]
    },
    {
      "key": "supplied-ingredients",
      "label": "Os ingredientes serão fornecidos por si?",
      "required": true,
      "type": "radio",
      "options": [
        { "value": 0, "label": "Não" },
        { "value": 1, "label": "Sim" }
      ]
    },

    { "type": "footnote", "label": "Tipo de Oferta" },
    {
      "key": "offer-type",
      "widget": "offer-type",
      "formOfferType": "hour-pack",
      "required": true,
      "urgentPrices": {
        "heading": "+2,44€",
        "headerText": "/ hora",
        "body": "*acresce ao valor final; não inclui a taxa de IVA em vigor",
        "extras": "Serviço realizado em menos de 24H à data do primeiro contacto"
      }
    },

    { "type": "footnote", "label": "Notas" },
    { "key": "notes", "label": " ", "type": "text-area" },

    {
      "key": "login-buttons",
      "groupBy": 1,
      "widget": "login",
      "type": "tabs",
      "value": "guest",
      "children": [
        {
          "type": "radio",
          "key": "company-status",
          "label": "Continuar como convidado",
          "name": "guest.company-status",
          "required": true,
          "dependencyType": "value",
          "dependencyValue": "guest",
          "options": [
            { "label": "Particular", "value": 0, "isSelected": false },
            { "label": "Empresa", "value": 1, "isSelected": false }
          ]
        },
        {
          "name": "guest.firstName",
          "key": "first-name",
          "type": "text",
          "label": "Nome",
          "required": true,
          "dependencyType": "value",
          "dependencyValue": "guest"
        },
        {
          "name": "guest.lastName",
          "key": "last-name",
          "required": true,
          "type": "text",
          "label": "Apelido",
          "dependencyType": "value",
          "dependencyValue": "guest"
        },
        {
          "name": "guest.email",
          "type": "email",
          "pattern": "email",
          "required": true,
          "key": "email",
          "label": "Endereço de e-mail",
          "dependencyType": "value",
          "dependencyValue": "guest"
        },
        {
          "name": "guest.telephone",
          "key": "telephone",
          "type": "text",
          "pattern": "telephone",
          "required": true,
          "label": "Número de Telemóvel",
          "dependencyType": "value",
          "dependencyValue": "guest"
        },
        {
          "name": "login.email",
          "key": "email",
          "pattern": "email",
          "required": true,
          "type": "email",
          "label": "Endereço de e-mail",
          "dependencyType": "value",
          "dependencyValue": "login"
        },
        {
          "key": "login.note",
          "type": "footnote",
          "label": "Iniciar sessão na sua conta",
          "dependencyType": "value",
          "dependencyValue": "login"
        },
        {
          "name": "login.password",
          "key": "password",
          "type": "password",
          "required": true,
          "pattern": "password",
          "label": "Senha",
          "dependencyType": "value",
          "dependencyValue": "login"
        },
        {
          "type": "radio",
          "key": "company-status",
          "label": "Crie uma conta e acompanhe o estado do seu pedido.",
          "name": "signup.company-status",
          "dependencyType": "value",
          "required": true,
          "dependencyValue": "signup",
          "options": [
            { "label": "Particular", "value": 0, "isSelected": false },
            { "label": "Empresa", "value": 1, "isSelected": false }
          ]
        },
        {
          "name": "signup.email",
          "type": "email",
          "pattern": "email",
          "required": true,
          "key": "email",
          "label": "Endereço de e-mail",
          "dependencyType": "value",
          "dependencyValue": "signup"
        },
        {
          "name": "signup.telephone",
          "type": "text",
          "key": "telephone",
          "pattern": "telephone",
          "required": true,
          "label": "Número de Telemóvel",
          "dependencyType": "value",
          "dependencyValue": "signup"
        },
        {
          "name": "signup.password",
          "type": "password",
          "required": true,
          "pattern": "password",
          "label": "Senha",
          "key": "password",
          "dependencyType": "value",
          "dependencyValue": "signup"
        },
        {
          "name": "signup.first-name",
          "key": "first-name",
          "type": "text",
          "label": "Nome",
          "required": true,
          "dependencyType": "value",
          "dependencyValue": "signup"
        },
        {
          "name": "signup.last-name",
          "key": "last-name",
          "type": "text",
          "label": "Apelido",
          "required": true,
          "dependencyType": "value",
          "dependencyValue": "signup"
        }
      ],
      "options": [
        {
          "value": "guest",
          "label": "Convidado"
        },
        {
          "value": "login",
          "label": "Iniciar Sessão"
        },
        {
          "value": "signup",
          "label": "Criar Conta"
        }
      ]
    }
  ]
}
