{
  "id": 37,
  "type": "form",
  "questions": [
    {
      "key": "chosen-language",
      "label": "Idioma Preferido",
      "required": true,
      "type": "dropdown",
      "options": [
        { "value": 1, "label": "Português" },
        { "value": 2, "label": "Inglês" },
        { "value": 3, "label": "Espanhol" }
      ]
    },
    { "label": "Morada para executar o Serviço", "type": "footnote" },

    {
      "key": "district",
      "widget": "district",
      "required": true,
      "label": "Distrito",
      "type": "dropdown",
      "options": [{ "value": 1, "label": "Lisboa" }]
    },
    { "key": "address", "label": "Morada", "required": true, "type": "text" },
    {
      "key": "postal-code",
      "label": "Código Postal",
      "required": true,
      "type": "text"
    },

    { "label": "Serviço", "type": "footnote" },
    {
      "key": "service-type",
      "label": " ",
      "type": "radio",
      "required": true,
      "options": [
        { "value": 0, "label": "Standard" },
        { "value": 1, "label": "Premium" }
      ],
      "children": [
        {
          "key": "premium-service",
          "widget": "service-type-detail",
          "heading": "+2,50€",
          "headerText": "/ hora",
          "body": "*acresce ao valor final; não inclui a taxa de IVA em vigor",
          "extras": "Serviço executado por um Especialista com avaliação superior a 4.9.",
          "dependencyType": "value",
          "dependencyValue": 1
        },
        {
          "key": "urgent-service",
          "widget": "service-type-detail",
          "heading": "+2,44€",
          "headerText": "/ hora",
          "body": "*acresce ao valor final; não inclui a taxa de IVA em vigor",
          "extras": "Serviço realizado em menos de 24H à data do primeiro contacto",
          "dependencyType": "value",
          "dependencyValue": 2
        }
      ]
    },
    {
      "key": "service-offer",
      "type": "dropdown",
      "required": true,
      "label": "Tipo de serviço",
      "options": [
        { "label": "Limpeza de ervas", "value": 1 },
        { "label": "Poda", "value": 2 },
        { "label": "Criação de novos jardins", "value": 3 },
        { "label": "Consultoria", "value": 4 }
      ]
    },
    {
      "key": "area-size",
      "label": "Área m2 (Aproximadamente)",
      "required": true,
      "type": "text"
    },
    {
      "key": "materials",
      "required": true,
      "type": "dropdown",
      "label": "Tem as ferramentas necessários para realizar este serviço?",
      "options": [
        { "label": "Sim", "value": 0 },
        { "label": "Não", "value": 1 }
      ]
    },

    {
      "key": "files",
      "label": "Por favor, partilhe connosco se possível algumas fotos",
      "widget": "file-uploader"
    },

    { "type": "footnote", "label": "Tipo de Oferta" },
    {
      "key": "offer-type",
      "required": true,
      "widget": "offer-type",
      "formOfferType": "hour-pack",
      "urgentPrices": {
        "heading": "+2,44€",
        "headerText": "/ hora",
        "body": "*acresce ao valor final; não inclui a taxa de IVA em vigor",
        "extras": "Serviço realizado em menos de 24H à data do primeiro contacto"
      }
    },

    { "label": "Notas", "type": "footnote" },
    { "key": "notes", "label": " ", "type": "text-area" },
    {
      "key": "login-buttons",
      "groupBy": 1,
      "widget": "login",
      "type": "tabs",
      "value": "guest",
      "children": [
        {
          "type": "radio",
          "key": "company-status",
          "label": "Continuar como convidado",
          "name": "guest.company-status",
          "required": true,
          "dependencyType": "value",
          "dependencyValue": "guest",
          "options": [
            { "label": "Particular", "value": 0, "isSelected": false },
            { "label": "Empresa", "value": 1, "isSelected": false }
          ]
        },
        {
          "name": "guest.firstName",
          "key": "first-name",
          "required": true,
          "type": "text",
          "label": "Nome",
          "dependencyType": "value",
          "dependencyValue": "guest"
        },
        {
          "name": "guest.lastName",
          "key": "last-name",
          "required": true,
          "type": "text",
          "label": "Apelido",
          "dependencyType": "value",
          "dependencyValue": "guest"
        },
        {
          "name": "guest.email",
          "type": "email",
          "required": true,
          "pattern": "email",
          "key": "email",
          "label": "Endereço de e-mail",
          "dependencyType": "value",
          "dependencyValue": "guest"
        },
        {
          "name": "guest.telephone",
          "key": "telephone",
          "required": true,
          "pattern": "telephone",
          "type": "text",
          "label": "Número de Telemóvel",
          "dependencyType": "value",
          "dependencyValue": "guest"
        },
        {
          "name": "login.email",
          "key": "email",
          "required": true,
          "pattern": "email",
          "type": "email",
          "label": "Endereço de e-mail",
          "dependencyType": "value",
          "dependencyValue": "login"
        },
        {
          "key": "login.note",
          "type": "footnote",
          "label": "Iniciar sessão na sua conta",
          "dependencyType": "value",
          "dependencyValue": "login"
        },
        {
          "name": "login.password",
          "key": "password",
          "type": "password",
          "required": true,
          "pattern": "password",
          "label": "Senha",
          "dependencyType": "value",
          "dependencyValue": "login"
        },
        {
          "type": "radio",
          "required": true,
          "key": "company-status",
          "label": "Crie uma conta e acompanhe o estado do seu pedido.",
          "name": "signup.company-status",
          "dependencyType": "value",
          "dependencyValue": "signup",
          "options": [
            { "label": "Particular", "value": 0, "isSelected": false },
            { "label": "Empresa", "value": 1, "isSelected": false }
          ]
        },
        {
          "name": "signup.email",
          "type": "email",
          "key": "email",
          "required": true,
          "pattern": "email",
          "label": "Endereço de e-mail",
          "dependencyType": "value",
          "dependencyValue": "signup"
        },
        {
          "name": "signup.telephone",
          "type": "text",
          "key": "telephone",
          "required": true,
          "pattern": "telephone",
          "label": "Número de Telemóvel",
          "dependencyType": "value",
          "dependencyValue": "signup"
        },
        {
          "name": "signup.password",
          "type": "password",
          "label": "Senha",
          "key": "password",
          "required": true,
          "pattern": "password",
          "dependencyType": "value",
          "dependencyValue": "signup"
        },
        {
          "name": "signup.first-name",
          "key": "first-name",
          "required": true,
          "type": "text",
          "label": "Nome",
          "dependencyType": "value",
          "dependencyValue": "signup"
        },
        {
          "name": "signup.last-name",
          "key": "last-name",
          "required": true,
          "type": "text",
          "label": "Apelido",
          "dependencyType": "value",
          "dependencyValue": "signup"
        }
      ],
      "options": [
        {
          "value": "guest",
          "label": "Convidado"
        },
        {
          "value": "login",
          "label": "Iniciar Sessão"
        },
        {
          "value": "signup",
          "label": "Criar Conta"
        }
      ]
    }
  ]
}
