{
  "id": 2,
  "type": "form",
  "questions": [
    { "label": "Morada para execução do serviço", "type": "footnote" },
    {
      "key": "district",
      "widget": "district",
      "label": "Distrito",
      "required": true,
      "type": "dropdown",
      "options": [{ "value": 0, "label": "Lisboa" }]
    },
    { "key": "address", "label": "Morada", "required": true, "type": "text" },
    {
      "key": "postal-code",
      "label": "Código Postal",
      "required": true,
      "type": "text"
    },

    {
      "key": "number-of-persons",
      "label": "Número de Pessoas",
      "required": true,
      "type": "dropdown",
      "options": [
        { "value": 4, "label": "4" },
        { "value": 5, "label": "5" },
        { "value": 6, "label": "6" },
        { "value": 7, "label": "7" },
        { "value": 8, "label": "8" },
        { "value": 9, "label": "9" },
        { "value": 10, "label": "10" },
        { "value": 0, "label": "10+" }
      ]
    },

    { "label": "Selecione o Menu", "type": "footnote" },
    {
      "key": "starter-option",
      "label": "Entrada",
      "type": "dropdown",
      "required": true,
      "options": [
        { "value": 0, "label": "Caldo Verde" },
        { "value": 1, "label": "Gaspacho" },
        { "value": 2, "label": "Tábua de queijos portugueses" }
      ]
    },
    { "label": "Prato principal", "type": "footnote" },
    {
      "key": "main-dish",
      "label": " ",
      "required": true,
      "type": "radio",
      "options": [
        { "label": "Peixe", "value": 0, "key": "fish-dish" },
        { "label": "Carne", "value": 1, "key": "meat-dish" },
        { "label": "Vegetariano", "value": 2, "key": "veggie-dish" }
      ],
      "children": [
        {
          "key": "fish-dish",
          "label": "Prato de peixe",
          "type": "dropdown",
          "dependencyType": "value",
          "required": true,
          "dependencyValue": 0,
          "options": [
            { "value": 0, "label": "Arroz de gambas" },
            { "value": 1, "label": "Bacalhau com natas" }
          ]
        },
        {
          "key": "meat-dish",
          "label": "Prato de carne",
          "type": "dropdown",
          "dependencyType": "value",
          "required": true,
          "dependencyValue": 1,
          "options": [
            { "value": 0, "label": "Arroz de pato" },
            { "value": 1, "label": "Empadão de carne de Porco" },
            {
              "value": 2,
              "label": "Perna de peru recheado com farinheira e batata assada"
            }
          ]
        },
        {
          "key": "veggie-dish",
          "label": "Prato vegetariano",
          "type": "dropdown",
          "required": true,
          "dependencyType": "value",
          "dependencyValue": 2,
          "options": [
            { "value": 0, "label": "Alho-francês à Brás" },
            { "value": 1, "label": "Couve-lombarda recheada de legumes" }
          ]
        }
      ]
    },
    {
      "key": "dessert",
      "label": "Sobremesa",
      "required": true,
      "type": "dropdown",
      "options": [
        { "value": 0, "label": "Arroz doce" },
        { "value": 1, "label": "Tarte de maçã" },
        { "value": 2, "label": "Baba de camelo" }
      ]
    },
    {
      "key": "wine",
      "label": "Vinho",
      "required": true,
      "type": "dropdown",
      "options": [
        { "value": 0, "label": "Tinto" },
        { "value": 1, "label": "Branco" }
      ]
    },

    { "type": "footnote", "label": "Tipo de Oferta" },
    {
      "key": "offer-type",
      "widget": "offer-type",
      "formOfferType": "one-time-service-specific",
      "required": true,
      "urgentPrices": {
        "heading": "+2,44€",
        "headerText": "/ hora",
        "body": "*acresce ao valor final; não inclui a taxa de IVA em vigor",
        "extras": "Serviço realizado em menos de 24H à data do primeiro contacto"
      }
    },

    {
      "key": "notes",
      "label": "Notas",
      "placeholder": "Alergias, detalhes, etc..",
      "type": "text-area"
    },
    {
      "key": "login-buttons",
      "groupBy": 1,
      "widget": "login",
      "type": "tabs",
      "value": "guest",
      "children": [
        {
          "type": "radio",
          "key": "company-status",
          "label": "Continuar como convidado",
          "name": "guest.company-status",
          "required": true,
          "dependencyType": "value",
          "dependencyValue": "guest",
          "options": [
            { "label": "Particular", "value": 0, "isSelected": false },
            { "label": "Empresa", "value": 1, "isSelected": false }
          ]
        },
        {
          "name": "guest.firstName",
          "key": "first-name",
          "type": "text",
          "required": true,
          "label": "Nome",
          "dependencyType": "value",
          "dependencyValue": "guest"
        },
        {
          "name": "guest.lastName",
          "key": "last-name",
          "type": "text",
          "required": true,
          "label": "Apelido",
          "dependencyType": "value",
          "dependencyValue": "guest"
        },
        {
          "name": "guest.email",
          "type": "email",
          "key": "email",
          "required": true,
          "pattern": "email",
          "label": "Endereço de e-mail",
          "dependencyType": "value",
          "dependencyValue": "guest"
        },
        {
          "name": "guest.telephone",
          "key": "telephone",
          "required": true,
          "pattern": "telephone",
          "type": "text",
          "label": "Número de Telemóvel",
          "dependencyType": "value",
          "dependencyValue": "guest"
        },
        {
          "name": "login.email",
          "key": "email",
          "required": true,
          "pattern": "email",
          "type": "email",
          "label": "Endereço de e-mail",
          "dependencyType": "value",
          "dependencyValue": "login"
        },
        {
          "key": "login.note",
          "type": "footnote",
          "label": "Iniciar sessão na sua conta",
          "dependencyType": "value",
          "dependencyValue": "login"
        },
        {
          "name": "login.password",
          "key": "password",
          "required": true,
          "pattern": "password",
          "type": "password",
          "label": "Senha",
          "dependencyType": "value",
          "dependencyValue": "login"
        },
        {
          "type": "radio",
          "key": "company-status",
          "required": true,
          "label": "Crie uma conta e acompanhe o estado do seu pedido.",
          "name": "signup.company-status",
          "dependencyType": "value",
          "dependencyValue": "signup",
          "options": [
            { "label": "Particular", "value": 0, "isSelected": false },
            { "label": "Empresa", "value": 1, "isSelected": false }
          ]
        },
        {
          "name": "signup.email",
          "type": "email",
          "required": true,
          "pattern": "email",
          "key": "email",
          "label": "Endereço de e-mail",
          "dependencyType": "value",
          "dependencyValue": "signup"
        },
        {
          "name": "signup.telephone",
          "type": "text",
          "key": "telephone",
          "required": true,
          "pattern": "telephone",
          "label": "Número de Telemóvel",
          "dependencyType": "value",
          "dependencyValue": "signup"
        },
        {
          "name": "signup.password",
          "type": "password",
          "required": true,
          "pattern": "password",
          "label": "Senha",
          "key": "password",
          "dependencyType": "value",
          "dependencyValue": "signup"
        },
        {
          "name": "signup.first-name",
          "key": "first-name",
          "required": true,
          "type": "text",
          "label": "Nome",
          "dependencyType": "value",
          "dependencyValue": "signup"
        },
        {
          "name": "signup.last-name",
          "key": "last-name",
          "type": "text",
          "required": true,
          "label": "Apelido",
          "dependencyType": "value",
          "dependencyValue": "signup"
        }
      ],
      "options": [
        {
          "value": "guest",
          "label": "Convidado"
        },
        {
          "value": "login",
          "label": "Iniciar Sessão"
        },
        {
          "value": "signup",
          "label": "Criar Conta"
        }
      ]
    }
  ]
}
