{
  "id": 11,
  "type": "form",
  "questions": [
    { "label": "Morada para execução do serviço", "type": "footnote" },
    {
      "key": "district",
      "widget": "district",
      "label": "Distrito",
      "type": "dropdown",
      "required": true,
      "options": [{ "value": 0, "label": "Lisboa" }]
    },
    { "key": "address", "label": "Morada", "required": true, "type": "text" },
    {
      "key": "postal-code",
      "label": "Código Postal",
      "required": true,
      "type": "text"
    },

    { "label": "Tipo de Serviço", "type": "footnote" },
    {
      "key": "service-type",
      "label": " ",
      "type": "radio",
      "required": true,
      "options": [
        { "value": 0, "label": "Standard" },
        { "value": 1, "label": "Premium" }
      ],
      "children": [
        {
          "key": "premium-service",
          "widget": "service-type-detail",
          "heading": "+2,50€",
          "headerText": "/ hora",
          "body": "*acresce ao valor final; não inclui a taxa de IVA em vigor",
          "extras": "Serviço executado por um Especialista com avaliação superior a 4.9.",
          "dependencyType": "value",
          "dependencyValue": 1
        },
        {
          "key": "urgent-service",
          "widget": "service-type-detail",
          "heading": "+2,44€",
          "headerText": "/ hora",
          "body": "*acresce ao valor final; não inclui a taxa de IVA em vigor",
          "extras": "Serviço realizado em menos de 24H à data do primeiro contacto",
          "dependencyType": "value",
          "dependencyValue": 2
        }
      ]
    },

    {
      "key": "cloth-pieces",
      "label": "Quantas peças de roupa ?",
      "required": true,
      "type": "text"
    },
    {
      "key": "cloth-type",
      "label": "Por favor especifique que tipo de roupa você deseja que seja passada",
      "type": "dropdown",
      "required": true,
      "isMulti": true,
      "options": [
        { "label": "Roupa Diária", "value": 0 },
        { "label": "Uniformes", "value": 1 },
        { "label": "Camisas", "value": 2 },
        { "label": "Roupa de bébe", "value": 3 },
        { "label": "Lençois", "value": 4 },
        { "label": "Toalhas", "value": 5 }
      ]
    },

    { "type": "footnote", "label": "Tipo de Oferta" },
    {
      "key": "offer-type",
      "required": true,
      "widget": "offer-type",
      "formOfferType": "ready-pack-specific",
      "urgentPrices": {
        "heading": "+2,44€",
        "headerText": "/ hora",
        "body": "*acresce ao valor final; não inclui a taxa de IVA em vigor",
        "extras": "Serviço realizado em menos de 24H à data do primeiro contacto"
      }
    },

    { "label": "Notas", "type": "footnote" },
    {
      "key": "notes",
      "label": " ",
      "type": "text-area"
    },
    {
      "key": "login-buttons",
      "groupBy": 1,
      "widget": "login",
      "type": "tabs",
      "value": "guest",
      "children": [
        {
          "type": "radio",
          "key": "company-status",
          "label": "Continuar como convidado",
          "name": "guest.company-status",
          "dependencyType": "value",
          "required": true,
          "dependencyValue": "guest",
          "options": [
            { "label": "Particular", "value": 0, "isSelected": false },
            { "label": "Empresa", "value": 1, "isSelected": false }
          ]
        },
        {
          "name": "guest.firstName",
          "key": "first-name",
          "type": "text",
          "required": true,
          "label": "Nome",
          "dependencyType": "value",
          "dependencyValue": "guest"
        },
        {
          "name": "guest.lastName",
          "key": "last-name",
          "type": "text",
          "required": true,
          "label": "Apelido",
          "dependencyType": "value",
          "dependencyValue": "guest"
        },
        {
          "name": "guest.email",
          "type": "email",
          "required": true,
          "pattern": "email",
          "key": "email",
          "label": "Endereço de e-mail",
          "dependencyType": "value",
          "dependencyValue": "guest"
        },
        {
          "name": "guest.telephone",
          "key": "telephone",
          "required": true,
          "pattern": "telephone",
          "type": "text",
          "label": "Número de Telemóvel",
          "dependencyType": "value",
          "dependencyValue": "guest"
        },
        {
          "name": "login.email",
          "key": "email",
          "required": true,
          "pattern": "email",
          "type": "email",
          "label": "Endereço de e-mail",
          "dependencyType": "value",
          "dependencyValue": "login"
        },
        {
          "key": "login.note",
          "type": "footnote",
          "label": "Iniciar sessão na sua conta",
          "dependencyType": "value",
          "dependencyValue": "login"
        },
        {
          "name": "login.password",
          "key": "password",
          "required": true,
          "pattern": "password",
          "type": "password",
          "label": "Senha",
          "dependencyType": "value",
          "dependencyValue": "login"
        },
        {
          "type": "radio",
          "key": "company-status",
          "label": "Crie uma conta e acompanhe o estado do seu pedido.",
          "name": "signup.company-status",
          "dependencyType": "value",
          "dependencyValue": "signup",
          "required": true,
          "options": [
            { "label": "Particular", "value": 0, "isSelected": false },
            { "label": "Empresa", "value": 1, "isSelected": false }
          ]
        },
        {
          "name": "signup.email",
          "type": "email",
          "required": true,
          "pattern": "email",
          "key": "email",
          "label": "Endereço de e-mail",
          "dependencyType": "value",
          "dependencyValue": "signup"
        },
        {
          "name": "signup.telephone",
          "type": "text",
          "key": "telephone",
          "required": true,
          "pattern": "telephone",
          "label": "Número de Telemóvel",
          "dependencyType": "value",
          "dependencyValue": "signup"
        },
        {
          "name": "signup.password",
          "type": "password",
          "label": "Senha",
          "key": "password",
          "required": true,
          "pattern": "password",
          "dependencyType": "value",
          "dependencyValue": "signup"
        },
        {
          "name": "signup.first-name",
          "key": "first-name",
          "type": "text",
          "label": "Nome",
          "required": true,
          "dependencyType": "value",
          "dependencyValue": "signup"
        },
        {
          "name": "signup.last-name",
          "key": "last-name",
          "required": true,
          "type": "text",
          "label": "Apelido",
          "dependencyType": "value",
          "dependencyValue": "signup"
        }
      ],
      "options": [
        {
          "value": "guest",
          "label": "Convidado"
        },
        {
          "value": "login",
          "label": "Iniciar Sessão"
        },
        {
          "value": "signup",
          "label": "Criar Conta"
        }
      ]
    }
  ]
}
