{
  "type": "form",
  "questions": [
    { "label": "Morada para execução do serviço", "type": "footnote" },
    {
      "key": "district",
      "widget": "district",
      "label": "Distrito",
      "type": "dropdown",
      "options": [{ "value": 0, "label": "Lisboa" }]
    },
    { "key": "address", "label": "Morada", "type": "text" },
    { "key": "postal-code", "label": "Código Postal", "type": "text" },

    {
      "type": "dropdown",
      "key": "service-offer",
      "label": "Tipo de Serviço",
      "options": [
        {
          "label": "Desentupimento das canalizações de habitação residencial",
          "value": 0
        },
        { "label": "Descalcificação de tubagens", "value": 1 },
        { "label": "Limpeza de cifões", "value": 2 },
        {
          "label": "Reparação/Substituição das torneiras e louças sanitárias",
          "value": 3
        },
        { "label": "Reparação e substituição de autoclismos", "value": 4 },
        { "label": "Colocação de chuveiros", "value": 5 }
      ]
    },
    {
      "key": "service-materials",
      "type": "radio",
      "label": "Tem os materiais necessários para realizar este serviço?",
      "options": [
        { "label": "Não", "value": 0 },
        { "label": "Sim", "value": 1 }
      ]
    },
    {
      "key": "files",
      "label": "Por favor, partilhe connosco se possível algumas fotos",
      "widget": "file-uploader"
    },

    { "type": "footnote", "label": "Tipo de Oferta" },
    {
      "key": "offer-type",
      "widget": "offer-type",
      "formOfferType": "one-time-service"
    },
    { "type": "footnote", "label": "Notas" },
    { "key": "notes", "label": "", "type": "text-area" },

    {
      "key": "login-buttons",
      "groupBy": 1,
      "widget": "login",
      "type": "tabs",
      "value": "guest",
      "children": [
        {
          "type": "radio",
          "key": "company-status",
          "label": "Continuar como convidado",
          "name": "guest.company-status",
          "dependencyType": "value",
          "dependencyValue": "guest",
          "options": [
            { "label": "Particular", "value": 0, "isSelected": false },
            { "label": "Empresa", "value": 1, "isSelected": false }
          ]
        },
        {
          "name": "guest.firstName",
          "key": "first-name",
          "type": "text",
          "label": "Nome",
          "dependencyType": "value",
          "dependencyValue": "guest"
        },
        {
          "name": "guest.lastName",
          "key": "last-name",
          "type": "text",
          "label": "Apelido",
          "dependencyType": "value",
          "dependencyValue": "guest"
        },
        {
          "name": "guest.email",
          "type": "email",
          "key": "email",
          "label": "Endereço de e-mail",
          "dependencyType": "value",
          "dependencyValue": "guest"
        },
        {
          "name": "guest.telephone",
          "key": "telephone",
          "type": "text",
          "label": "Número de Telemóvel",
          "dependencyType": "value",
          "dependencyValue": "guest"
        },
        {
          "name": "login.email",
          "key": "email",
          "type": "email",
          "label": "Endereço de e-mail",
          "dependencyType": "value",
          "dependencyValue": "login"
        },
        {
          "key": "login.note",
          "type": "footnote",
          "label": "Iniciar sessão na sua conta",
          "dependencyType": "value",
          "dependencyValue": "login"
        },
        {
          "name": "login.password",
          "key": "password",
          "type": "password",
          "label": "Senha",
          "dependencyType": "value",
          "dependencyValue": "login"
        },
        {
          "type": "radio",
          "key": "company-status",
          "label": "Crie uma conta e acompanhe o estado do seu pedido.",
          "name": "signup.company-status",
          "dependencyType": "value",
          "dependencyValue": "signup",
          "options": [
            { "label": "Particular", "value": 0, "isSelected": false },
            { "label": "Empresa", "value": 1, "isSelected": false }
          ]
        },
        {
          "name": "signup.email",
          "type": "email",
          "key": "email",
          "label": "Endereço de e-mail",
          "dependencyType": "value",
          "dependencyValue": "signup"
        },
        {
          "name": "signup.telephone",
          "type": "text",
          "key": "telephone",
          "label": "Número de Telemóvel",
          "dependencyType": "value",
          "dependencyValue": "signup"
        },
        {
          "name": "signup.password",
          "type": "password",
          "label": "Senha",
          "key": "password",
          "dependencyType": "value",
          "dependencyValue": "signup"
        },
        {
          "name": "signup.first-name",
          "key": "first-name",
          "type": "text",
          "label": "Nome",
          "dependencyType": "value",
          "dependencyValue": "signup"
        },
        {
          "name": "signup.last-name",
          "key": "last-name",
          "type": "text",
          "label": "Apelido",
          "dependencyType": "value",
          "dependencyValue": "signup"
        }
      ],
      "options": [
        {
          "value": "guest",
          "label": "Convidado"
        },
        {
          "value": "login",
          "label": "Iniciar Sessão"
        },
        {
          "value": "signup",
          "label": "Criar Conta"
        }
      ]
    }
  ]
}
