{
  "type": "form",
  "questions": [
    { "label": "Morada para execução do serviço", "type": "footnote" },
    {
      "key": "district",
      "widget": "district",
      "label": "Distrito",
      "type": "dropdown",
      "options": [{ "value": 0, "label": "Lisboa" }]
    },
    { "key": "address", "label": "Morada", "type": "text" },
    { "key": "postal-code", "label": "Código Postal", "type": "text" },
    { "type": "footnote", "label": "Serviço" },
    {
      "key": "service-type",
      "label": " ",
      "type": "radio",
      "options": [
        { "value": 0, "label": "Standard" },
        { "value": 1, "label": "Premium" }
      ],
      "children": [
        {
          "key": "premium-service",
          "widget": "service-type-detail",
          "heading": "+2,50€",
          "headerText": "/ hora",
          "body": "*acresce ao valor final; não inclui a taxa de IVA em vigor",
          "extras": "Serviço executado por um Especialista com avaliação superior a 4.9.",
          "dependencyType": "value",
          "dependencyValue": 1
        },
        {
          "key": "urgent-service",
          "widget": "service-type-detail",
          "heading": "+2,44€",
          "headerText": "/ hora",
          "body": "*acresce ao valor final; não inclui a taxa de IVA em vigor",
          "extras": "Serviço realizado em menos de 24H à data do primeiro contacto",
          "dependencyType": "value",
          "dependencyValue": 2
        }
      ]
    },
    {
      "type": "text",
      "key": "service-offer",
      "label": "Tipo de Serviço",
      "options": [
        { "label": "Arranjo de estendais", "value": 0 },
        { "label": "Colocar varões", "value": 1 },
        { "label": "Pendurar candeeiros", "value": 2 },
        { "label": "Abrir fechaduras", "value": 3 },
        { "label": "Colocar maçanetas em portas", "value": 4 },
        { "label": "Reparação de electromésticos", "value": 5 },
        { "label": "Gás", "value": 6 },
        { "label": "Infiltrações", "value": 7 },
        { "label": "Revestimentos de cimento", "value": 8 },
        { "label": "Revisões e reparações de quadros eléctricos", "value": 9 },
        { "label": "Partir paredes", "value": 10 },
        { "label": "Desentupir lava-loiças", "value": 11 },
        { "label": "Reparações hidráulicas", "value": 12 },
        { "label": "Reparar soalhos", "value": 13 },
        { "label": "Arranjar fugas de água", "value": 14 },
        { "label": "Arrancar e pôr pladur", "value": 15 },
        {
          "label": "Avarias de estores (afinação de estores e substituição de réguas)",
          "value": 16
        }
      ]
    },
    {
      "key": "service-materials",
      "type": "radio",
      "label": "Tem os materiais necessários para realizar este serviço?",
      "options": [
        { "label": "Não", "value": 0 },
        { "label": "Sim", "value": 1 }
      ]
    },
    {
      "key": "files",
      "label": "Por favor, partilhe connosco se possível algumas fotos",
      "widget": "file-uploader"
    },

    { "type": "footnote", "label": "Tipo de Oferta" },
    {
      "key": "offer-type",
      "widget": "offer-type",
      "formOfferType": "one-time-service-specific",
      "urgentPrices": {
        "heading": "+2,44€",
        "headerText": "/ hora",
        "body": "*acresce ao valor final; não inclui a taxa de IVA em vigor",
        "extras": "Serviço realizado em menos de 24H à data do primeiro contacto"
      }
    },

    { "type": "footnote", "label": "Notas" },
    { "key": "notes", "label": "", "type": "text-area" },

    {
      "key": "login-buttons",
      "groupBy": 1,
      "widget": "login",
      "type": "tabs",
      "value": "guest",
      "children": [
        {
          "type": "radio",
          "key": "company-status",
          "label": "Continuar como convidado",
          "name": "guest.company-status",
          "dependencyType": "value",
          "dependencyValue": "guest",
          "options": [
            { "label": "Particular", "value": 0, "isSelected": false },
            { "label": "Empresa", "value": 1, "isSelected": false }
          ]
        },
        {
          "name": "guest.firstName",
          "key": "first-name",
          "type": "text",
          "label": "Nome",
          "dependencyType": "value",
          "dependencyValue": "guest"
        },
        {
          "name": "guest.lastName",
          "key": "last-name",
          "type": "text",
          "label": "Apelido",
          "dependencyType": "value",
          "dependencyValue": "guest"
        },
        {
          "name": "guest.email",
          "type": "email",
          "key": "email",
          "label": "Endereço de e-mail",
          "dependencyType": "value",
          "dependencyValue": "guest"
        },
        {
          "name": "guest.telephone",
          "key": "telephone",
          "type": "text",
          "label": "Número de Telemóvel",
          "dependencyType": "value",
          "dependencyValue": "guest"
        },
        {
          "name": "login.email",
          "key": "email",
          "type": "email",
          "label": "Endereço de e-mail",
          "dependencyType": "value",
          "dependencyValue": "login"
        },
        {
          "key": "login.note",
          "type": "footnote",
          "label": "Iniciar sessão na sua conta",
          "dependencyType": "value",
          "dependencyValue": "login"
        },
        {
          "name": "login.password",
          "key": "password",
          "type": "password",
          "label": "Senha",
          "dependencyType": "value",
          "dependencyValue": "login"
        },
        {
          "type": "radio",
          "key": "company-status",
          "label": "Crie uma conta e acompanhe o estado do seu pedido.",
          "name": "signup.company-status",
          "dependencyType": "value",
          "dependencyValue": "signup",
          "options": [
            { "label": "Particular", "value": 0, "isSelected": false },
            { "label": "Empresa", "value": 1, "isSelected": false }
          ]
        },
        {
          "name": "signup.email",
          "type": "email",
          "key": "email",
          "label": "Endereço de e-mail",
          "dependencyType": "value",
          "dependencyValue": "signup"
        },
        {
          "name": "signup.telephone",
          "type": "text",
          "key": "telephone",
          "label": "Número de Telemóvel",
          "dependencyType": "value",
          "dependencyValue": "signup"
        },
        {
          "name": "signup.password",
          "type": "password",
          "label": "Senha",
          "key": "password",
          "dependencyType": "value",
          "dependencyValue": "signup"
        },
        {
          "name": "signup.first-name",
          "key": "first-name",
          "type": "text",
          "label": "Nome",
          "dependencyType": "value",
          "dependencyValue": "signup"
        },
        {
          "name": "signup.last-name",
          "key": "last-name",
          "type": "text",
          "label": "Apelido",
          "dependencyType": "value",
          "dependencyValue": "signup"
        }
      ],
      "options": [
        {
          "value": "guest",
          "label": "Convidado"
        },
        {
          "value": "login",
          "label": "Iniciar Sessão"
        },
        {
          "value": "signup",
          "label": "Criar Conta"
        }
      ]
    }
  ]
}
