{
  "id": 2,
  "type": "form",
  "questions": [
    { "label": "Morada para entregar o Serviço", "type": "footnote" },
    {
      "key": "country",
      "label": "País",
      "type": "dropdown",
      "options": [{ "value": 1, "label": "Portugal" }]
    },
    {
      "key": "district",
      "label": "Distrito",
      "type": "dropdown",
      "options": [{ "value": 1, "label": "Lisboa" }]
    },
    { "key": "address", "label": "Morada", "type": "text" },
    { "key": "postal-code", "label": "Código Postal", "type": "text" },
    { "key": "location", "label": "Localidade", "type": "text" },
    {
      "key": "hour",
      "label": "Hora da entrega",
      "type": "dropdown",
      "options": [
        { "value": "09:00", "label": "09:00" },
        { "value": "09:30", "label": "09:30" },
        { "value": "10:00", "label": "10:00" },
        { "value": "10:30", "label": "10:30" },
        { "value": "11:00", "label": "11:00" },
        { "value": "11:30", "label": "11:30" },
        { "value": "12:00", "label": "12:00" },
        { "value": "12:30", "label": "12:30" },
        { "value": "13:00", "label": "13:00" },
        { "value": "13:30", "label": "13:30" },
        { "value": "14:00", "label": "14:00" },
        { "value": "14:30", "label": "14:30" },
        { "value": "15:00", "label": "15:00" },
        { "value": "15:30", "label": "15:30" },
        { "value": "16:00", "label": "16:00" },
        { "value": "16:30", "label": "16:30" },
        { "value": "17:00", "label": "17:00" },
        { "value": "17:30", "label": "17:30" },
        { "value": "18:00", "label": "18:00" },
        { "value": "18:30", "label": "18:30" },
        { "value": "19:00", "label": "19:00" },
        { "value": "19:30", "label": "19:30" },
        { "value": "20:00", "label": "20:00" },
        { "value": "20:30", "label": "20:30" },
        { "value": "21:00", "label": "21:00" },
        { "value": "21:30", "label": "21:30" },
        { "value": "22:00", "label": "22:00" }
      ]
    },
    {
      "key": "number-of-persons",
      "label": "Número de pessoas",
      "type": "dropdown",
      "options": [
        { "value": 1, "label": "1" },
        { "value": 2, "label": "2" },
        { "value": 3, "label": "3" },
        { "value": 4, "label": "4" },
        { "value": 5, "label": "5" },
        { "value": 6, "label": "6" },
        { "value": 7, "label": "7" },
        { "value": 8, "label": "8" },
        { "value": 9, "label": "9" },
        { "value": 10, "label": "10" }
      ]
    },
    {
      "key": "prefered-language",
      "label": "Lingua preferida",
      "type": "dropdown",
      "options": [
        { "value": 0, "label": "Português" },
        { "value": 1, "label": "Inglês" },
        { "value": 2, "label": "Espanhol" }
      ]
    },
    { "key": "event_type", "label": "Tipo de evento", "type": "text" },
    {
      "key": "starter-option",
      "label": "Entradas",
      "type": "dropdown",
      "options": [
        { "value": 0, "label": "Soupa de vegetais" },
        { "value": 1, "label": "Sopa de tomate" },
        { "value": 2, "label": "Mesa de queijos portugueses" }
      ]
    },
    { "label": "Serviço", "type": "footnote" },
    {
      "key": "service-type",
      "label": " ",
      "type": "radio",
      "options": [
        { "value": 0, "label": "Standard" },
        { "value": 1, "label": "Premium" }
      ]
    },
    { "label": "Prato principal", "type": "footnote" },
    {
      "key": "main-dish",
      "label": " ",
      "type": "radio",
      "options": [
        { "label": "Peixe", "value": 0, "key": "fish-dish" },
        { "label": "Carne", "value": 1, "key": "meat-dish" },
        { "label": "Vegetais", "value": 2, "key": "veggie-dish" }
      ],
      "children": [
        {
          "key": "fish-dish",
          "label": "Prato de peixe",
          "type": "dropdown",
          "dependencyType": "value",
          "dependencyValue": "fish-dish",
          "options": [
            { "value": 0, "label": "Arroz de camarão" },
            { "value": 1, "label": "Bacalhau com natas" }
          ]
        },
        {
          "key": "meat-dish",
          "label": "Prato de carne",
          "type": "dropdown",
          "dependencyType": "value",
          "dependencyValue": "meat-dish",
          "options": [
            { "value": 0, "label": "Arroz de pato" },
            { "value": 1, "label": "Torta de porco" },
            {
              "value": 2,
              "label": "Pernil de peru recheado com farinheira e batata assada"
            }
          ]
        },
        {
          "key": "veggie-dish",
          "label": "Prato vegetariano",
          "type": "dropdown",
          "dependencyType": "value",
          "dependencyValue": "veggie-dish",
          "options": [
            { "value": 0, "label": "Alho-poró à Brás" },
            { "value": 1, "label": "Repolho roxo recheado com vegetais" }
          ]
        }
      ]
    },
    {
      "key": "dessert",
      "label": "Sobremesa",
      "type": "dropdown",
      "options": [
        { "value": 0, "label": "Arroz doce" },
        { "value": 1, "label": "Tarte de Maçã" },
        { "value": 2, "label": "Baba de camelo" }
      ]
    },
    {
      "key": "bread-wine",
      "label": "Pão e Vinho",
      "type": "dropdown",
      "options": [
        { "value": 0, "label": "Sim" },
        { "value": 1, "label": "Não" }
      ]
    },
    {
      "key": "notes",
      "label": "Notas",
      "placeholder": "Alergias, detalhes, etc..",
      "type": "text-area"
    },
    {
      "key": "login-buttons",
      "groupBy": 1,
      "widget": "login",
      "type": "tabs",
      "value": "guest",
      "children": [
        {
          "name": "guest.firstName",
          "key": "first-name",
          "type": "text",
          "label": "Nome",
          "dependencyType": "value",
          "dependencyValue": "guest"
        },
        {
          "name": "guest.lastName",
          "key": "last-name",
          "type": "text",
          "label": "Apelido",
          "dependencyType": "value",
          "dependencyValue": "guest"
        },
        {
          "name": "guest.email",
          "type": "email",
          "key": "email",
          "label": "Endereço de e-mail",
          "dependencyType": "value",
          "dependencyValue": "guest"
        },
        {
          "name": "guest.telephone",
          "key": "telephone",
          "type": "number",
          "label": "Número de Telemóvel",
          "dependencyType": "value",
          "dependencyValue": "guest"
        },
        {
          "name": "login.email",
          "key": "email",
          "type": "email",
          "label": "Endereço de e-mail",
          "dependencyType": "value",
          "dependencyValue": "login"
        },
        {
          "name": "login.telephone",
          "key": "telephone",
          "type": "number",
          "label": "Número de Telemóvel",
          "dependencyType": "value",
          "dependencyValue": "login"
        },
        {
          "name": "login.password",
          "key": "password",
          "type": "password",
          "label": "Senha",
          "dependencyType": "value",
          "dependencyValue": "login"
        },
        {
          "name": "signup.email",
          "type": "email",
          "key": "email",
          "label": "Endereço de e-mail",
          "dependencyType": "value",
          "dependencyValue": "signup"
        },
        {
          "name": "signup.telephone",
          "type": "number",
          "key": "telephone",
          "label": "Número de Telemóvel",
          "dependencyType": "value",
          "dependencyValue": "signup"
        },
        {
          "name": "signup.password",
          "type": "password",
          "label": "Senha",
          "key": "password",
          "dependencyType": "value",
          "dependencyValue": "signup"
        },
        {
          "name": "signup.first-name",
          "key": "first-name",
          "type": "text",
          "label": "Nome",
          "dependencyType": "value",
          "dependencyValue": "signup"
        },
        {
          "name": "signup.last-name",
          "key": "last-name",
          "type": "text",
          "label": "Apelido",
          "dependencyType": "value",
          "dependencyValue": "signup"
        }
      ],
      "options": [
        {
          "value": "guest",
          "label": "Convidado"
        },
        {
          "value": "login",
          "label": "Iniciar Sessão"
        },
        {
          "value": "signup",
          "label": "Criar Conta"
        }
      ]
    }
  ]
}
