{
  "id": "7",
  "type": "form",
  "questions": [
    { "type": "footnote", "label": "Morada para recolha do animal" },
    {
      "key": "country",
      "type": "dropdown",
      "options": [{ "label": "Portugal", "value": 1 }],
      "label": "País"
    },
    {
      "key": "district",
      "type": "dropdown",
      "options": [{ "label": "Lisboa", "value": 1 }],
      "label": "Distrito"
    },
    { "key": "address", "type": "text", "label": "Morada" },
    { "key": "postal-code", "type": "text", "label": "Código Postal" },
    { "key": "location", "type": "text", "label": "Localidade" },
    {
      "key": "special-transportation",
      "type": "radio",
      "options": [
        { "label": "Não", "value": 0 },
        { "label": "Sim", "value": 1 }
      ],
      "label": "Precisamos do carro do especialista para transportar seu animal de estimação?"
    },
    { "type": "footnote", "label": "Tipo de Serviço" },
    {
      "key": "service-type",
      "label": " ",
      "type": "radio",
      "options": [
        { "label": "Standard", "value": 0 },
        { "label": "Premium", "value": 1 }
      ]
    },
    {
      "key": "number-of-animals",
      "label": "Número de Animais",
      "type": "dropdown",
      "isMulti": true,
      "options": [
        { "label": "1", "value": 1 },
        { "label": "2", "value": 2 }
      ],
      "children": [
        {
          "key": "animal-species",
          "label": "Tipo do Animal",
          "type": "dropdown",
          "dependencyType": "value-count",
          "options": [
            { "label": "Cão", "value": 0 },
            { "label": "Gato", "value": 1 },
            { "label": "Outro", "value": 2 }
          ]
        },
        {
          "key": "animal-size",
          "label": "Tamanho do Animal",
          "type": "dropdown",
          "dependencyType": "value-count",
          "options": [
            { "label": "Grande", "value": 0 },
            { "label": "Médio", "value": 1 },
            { "label": "Pequeno", "value": 2 }
          ]
        }
      ]
    },
    { "type": "footnote", "label": "Tipo de oferta" },
    {
      "key": "offer-type",
      "label": " ",
      "type": "radio",
      "children": [
        {
          "key": "number-of-hours",
          "type": "dropdown",
          "options": [{ "label": "10", "value": 10 }],
          "dependencyType": "value",
          "dependencyValue": 0,
          "label": "Número de horas"
        },
        {
          "key": "start-date",
          "type": "date",
          "dependencyType": "value",
          "dependencyValue": 0,
          "label": "Data de Início"
        },
        {
          "key": "start-date",
          "type": "date",
          "label": "Data de Início",
          "dependencyType": "value",
          "dependencyValue": 1
        },
        {
          "key": "start-hour",
          "type": "dropdown",
          "options": [
            { "label": "09:00", "value": "09:00" },
            { "label": "09:30", "value": "09:30" },
            { "label": "10:00", "value": "10:00" },
            { "label": "10:30", "value": "10:30" },
            { "label": "11:00", "value": "11:00" },
            { "label": "11:30", "value": "11:30" },
            { "label": "12:00", "value": "12:00" },
            { "label": "12:30", "value": "12:30" },
            { "label": "13:00", "value": "13:00" },
            { "label": "13:30", "value": "13:30" },
            { "label": "14:00", "value": "14:00" },
            { "label": "14:30", "value": "14:30" },
            { "label": "15:00", "value": "15:00" },
            { "label": "15:30", "value": "15:30" },
            { "label": "16:00", "value": "16:00" },
            { "label": "16:30", "value": "16:30" },
            { "label": "17:00", "value": "17:00" },
            { "label": "17:30", "value": "17:30" },
            { "label": "18:00", "value": "18:00" }
          ],
          "label": "Hora de Início",
          "dependencyType": "value",
          "dependencyValue": 1
        },
        {
          "key": "end-date",
          "type": "date",
          "label": "Data de Fim",
          "dependencyType": "value",
          "dependencyValue": 1
        },
        {
          "key": "ending-hour",
          "label": "Hora de Fim",
          "dependencyType": "value",
          "dependencyValue": 1,
          "type": "dropdown",
          "options": [
            { "label": "09:00", "value": "09:00" },
            { "label": "09:30", "value": "09:30" },
            { "label": "10:00", "value": "10:00" },
            { "label": "10:30", "value": "10:30" },
            { "label": "11:00", "value": "11:00" },
            { "label": "11:30", "value": "11:30" },
            { "label": "12:00", "value": "12:00" },
            { "label": "12:30", "value": "12:30" },
            { "label": "13:00", "value": "13:00" },
            { "label": "13:30", "value": "13:30" },
            { "label": "14:00", "value": "14:00" },
            { "label": "14:30", "value": "14:30" },
            { "label": "15:00", "value": "15:00" },
            { "label": "15:30", "value": "15:30" },
            { "label": "16:00", "value": "16:00" },
            { "label": "16:30", "value": "16:30" },
            { "label": "17:00", "value": "17:00" },
            { "label": "17:30", "value": "17:30" },
            { "label": "18:00", "value": "18:00" }
          ]
        }
      ],
      "options": [
        {
          "key": "single",
          "label": "Simples",
          "value": 0
        },
        {
          "key": "hour-package",
          "label": "Pacote de Horas",
          "value": 1
        }
      ]
    },
    { "type": "footnote", "label": "Notas" },
    { "key": "notes", "label": " ", "type": "text-area" },
    {
      "key": "login-buttons",
      "widget": "login",
      "type": "tabs",
      "value": "guest",
      "groupBy": 1,
      "children": [
        {
          "name": "guest.firstName",
          "key": "first-name",
          "type": "text",
          "label": "Nome",
          "dependencyType": "value",
          "dependencyValue": "guest"
        },
        {
          "name": "guest.lastName",
          "key": "last-name",
          "type": "text",
          "label": "Apelido",
          "dependencyType": "value",
          "dependencyValue": "guest"
        },
        {
          "name": "guest.email",
          "type": "email",
          "key": "email",
          "label": "Endereço de e-mail",
          "dependencyType": "value",
          "dependencyValue": "guest"
        },
        {
          "name": "guest.telephone",
          "key": "telephone",
          "type": "number",
          "label": "Número de Telemóvel",
          "dependencyType": "value",
          "dependencyValue": "guest"
        },
        {
          "name": "login.email",
          "key": "email",
          "type": "email",
          "label": "Endereço de e-mail",
          "dependencyType": "value",
          "dependencyValue": "login"
        },
        {
          "name": "login.telephone",
          "key": "telephone",
          "type": "number",
          "label": "Número de Telemóvel",
          "dependencyType": "value",
          "dependencyValue": "login"
        },
        {
          "name": "login.password",
          "key": "password",
          "type": "password",
          "label": "Senha",
          "dependencyType": "value",
          "dependencyValue": "login"
        },
        {
          "name": "signup.email",
          "type": "email",
          "key": "email",
          "label": "Endereço de e-mail",
          "dependencyType": "value",
          "dependencyValue": "signup"
        },
        {
          "name": "signup.telephone",
          "type": "number",
          "key": "telephone",
          "label": "Número de Telemóvel",
          "dependencyType": "value",
          "dependencyValue": "signup"
        },
        {
          "name": "signup.password",
          "type": "password",
          "label": "Senha",
          "key": "password",
          "dependencyType": "value",
          "dependencyValue": "signup"
        },
        {
          "name": "signup.first-name",
          "key": "first-name",
          "type": "text",
          "label": "Nome",
          "dependencyType": "value",
          "dependencyValue": "signup"
        },
        {
          "name": "signup.last-name",
          "key": "last-name",
          "type": "text",
          "label": "Apelido",
          "dependencyType": "value",
          "dependencyValue": "signup"
        }
      ],
      "options": [
        {
          "value": "guest",
          "label": "Convidado"
        },
        {
          "value": "login",
          "label": "Iniciar Sessão"
        },
        {
          "value": "signup",
          "label": "Criar Conta"
        }
      ],
      "label": "Número de criancas",
      "displayText": false
    }
  ]
}
